{"cameraMode":{"drawMode":0,"name":"Shaded","section":"Shading Mode"},"sceneLighting":true,"audioPlay":false,"sceneViewState":{"showFog":true,"showMaterialUpdate":false,"showSkybox":true,"showFlares":true,"showImageEffects":true,"showParticleSystems":true},"in2DMode":false,"pivot":{"x":0.49868538975715639,"y":11.655017852783204,"z":-12.083771705627442},"rotation":{"x":-0.12876665592193604,"y":0.2051825225353241,"z":-0.02724241092801094,"w":-0.9698335528373718},"size":2.8578836917877199,"orthographic":false}