{"cameraMode":{"drawMode":0,"name":"Shaded","section":"Shading Mode"},"sceneLighting":true,"audioPlay":false,"sceneViewState":{"showFog":true,"showMaterialUpdate":false,"showSkybox":true,"showFlares":true,"showImageEffects":true,"showParticleSystems":true},"in2DMode":false,"pivot":{"x":-7.208784103393555,"y":2.6950440406799318,"z":-6.74307918548584},"rotation":{"x":0.11691917479038239,"y":0.4395419955253601,"z":-0.05782700330018997,"w":0.8887006044387817},"size":16.664182662963868,"orthographic":false}