{"cameraMode":{"drawMode":0,"name":"Shaded","section":"Shading Mode"},"sceneLighting":true,"audioPlay":false,"sceneViewState":{"showFog":true,"showMaterialUpdate":false,"showSkybox":true,"showFlares":true,"showImageEffects":true,"showParticleSystems":true},"in2DMode":false,"pivot":{"x":1.0242359638214112,"y":3.190253257751465,"z":-6.0878705978393559},"rotation":{"x":-0.16594356298446656,"y":0.03312471881508827,"z":-0.005577359814196825,"w":-0.9855629801750183},"size":10.0,"orthographic":false}