{"cameraMode":{"drawMode":0,"name":"Shaded","section":"Shading Mode"},"sceneLighting":true,"audioPlay":false,"sceneViewState":{"showFog":true,"showMaterialUpdate":false,"showSkybox":true,"showFlares":true,"showImageEffects":true,"showParticleSystems":true},"in2DMode":false,"pivot":{"x":15.650384902954102,"y":1.9858250617980958,"z":2.301532745361328},"rotation":{"x":0.13454896211624146,"y":0.21605166792869569,"z":-0.030073734000325204,"w":0.9665991067886353},"size":24.322479248046876,"orthographic":false}