{"cameraMode":{"drawMode":0,"name":"Shaded","section":"Shading Mode"},"sceneLighting":true,"audioPlay":false,"sceneViewState":{"showFog":true,"showMaterialUpdate":false,"showSkybox":true,"showFlares":true,"showImageEffects":true,"showParticleSystems":true},"in2DMode":false,"pivot":{"x":5.677823066711426,"y":1.8019890785217286,"z":-3.8661298751831056},"rotation":{"x":0.1674320250749588,"y":0.031355082988739017,"z":-0.005327809136360884,"w":0.9853705167770386},"size":13.60000228881836,"orthographic":false}